Title,Body (HTML),Type,Tags,Image Src,Image Position
1985: Black Hole Repo #1 - Cover A,"Welcome to an alternate 1985 where the space race never slowed down, where the push away from Earth relies on duct tape, analog computers, and unstable solid rocket fuel. It's the worst. Max, Roach, Doc, and Bear are the dregs of the cosmos. Punks. Losers. Dropouts. They make cash repossessing the starships of deadbeats who don't make their payments. When they unknowingly jack a mysterious ship, they find themselves thrust into a conflict between the US and USSR. Targeted by American cyborg assassins, mad Soviet agents, Japanese video hackers, and every degenerate space punk bounty hunter between the Earth and Moon, their apolitical nihilistic morals are put to the test, making these losers into unlikely heroes.",Comic,1985: Black Hole Repo,https://cdn.shopify.com/s/files/1/2358/6005/products/1985_01_Cover_A.jpg?v=1508342397,1
1985: Black Hole Repo #1 - Cover B,"Welcome to an alternate 1985 where the space race never slowed down, where the push away from Earth relies on duct tape, analog computers, and unstable solid rocket fuel. It's the worst. Max, Roach, Doc, and Bear are the dregs of the cosmos. Punks. Losers. Dropouts. They make cash repossessing the starships of deadbeats who don't make their payments. When they unknowingly jack a mysterious ship, they find themselves thrust into a conflict between the US and USSR. Targeted by American cyborg assassins, mad Soviet agents, Japanese video hackers, and every degenerate space punk bounty hunter between the Earth and Moon, their apolitical nihilistic morals are put to the test, making these losers into unlikely heroes.",Comic,1985: Black Hole Repo,https://cdn.shopify.com/s/files/1/2358/6005/products/1985_01_Cover_B.jpg?v=1508342425,1
Aftermath Big Clean #1 - Cover B,"Written by Kevin Molen and Matt Molen. Art and Cover by Kevin Molen. From the pages of Heavy Metal magazine, The Molen brothers, part Sam Keith/part Simon Bisely deliver an action packed punch. This ongoing series chronicles a post-apocalyptic future dominated by the cartoon empire Walden where a handful of individuals have been selected for imperial citizenship. Though veiled in celebratory excitement, this rollercoaster-centric ceremony is deadly serious - a secret final evaluation! And what all newcomers quickly learn is that behind his welcoming grin, Dewey Dog, master of the Walden empire, is quite rabid. 36 pages, full color.",Comic,onsale,https://cdn.shopify.com/s/files/1/2358/6005/products/CCF02272018_0011.jpg?v=1519761400,1
Aftermath Big Clean #2 - Cover A,"Story, Art and Cover by Kevin Molen and Matt Molen. Introducing Chrome Dome and Khaoc! This incendiary duo is one part barroom braggart and one part edgy junkie. Follow their fight through the walls and into the streets as blood is spilled along with the beans. 28 pages, full color.",Comic,onsale,https://cdn.shopify.com/s/files/1/2358/6005/products/CCF02272018_0008.jpg?v=1519761436,1
Aftermath Big Clean #2 - Cover B,"Story, Art and Cover by Kevin Molen and Matt Molen. Introducing Chrome Dome and Khaoc! This incendiary duo is one part barroom braggart and one part edgy junkie. Follow their fight through the walls and into the streets as blood is spilled along with the beans. 28 pages, full color.",Comic,onsale,https://cdn.shopify.com/s/files/1/2358/6005/products/CCF02272018_0009.jpg?v=1519761473,1
Aftermath Big Clean #3 - Cover A,"Written by Michael Moreci. Art and Cover by Keith Burns. P.I. Nate McCoy is determined to avoid the long sleep. After dodging a bullet (literally), Nate, Jameson, and Alan pursue the assassin. The chase leads them to discover the truth behind Tatiana's kidnapping and a plot deeper than they could've ever imagined.",Comic,onsale,https://cdn.shopify.com/s/files/1/2358/6005/products/CCF02272018_0014.jpg?v=1519761507,1
Aftermath Big Clean #3 - Cover B,"Written by Michael Moreci. Art and Cover by Keith Burns. P.I. Nate McCoy is determined to avoid the long sleep. After dodging a bullet (literally), Nate, Jameson, and Alan pursue the assassin. The chase leads them to discover the truth behind Tatiana's kidnapping and a plot deeper than they could've ever imagined.",Comic,onsale,https://cdn.shopify.com/s/files/1/2358/6005/products/CCF02272018_0015.jpg?v=1519761672,1
Aftermath Big Clean #4 - Cover A,"Written by Kevin Molen and Matt Molen. Art and Cover by Kevin Molen. From the pages of Heavy Metal magazine, The Molen brothers, part Sam Keith/part Simon Bisely deliver an action packed punch. This ongoing series chronicles a post-apocalyptic future dominated by the cartoon empire Walden where a handful of individuals have been selected for imperial citizenship. Though veiled in celebratory excitement, this rollercoaster-centric ceremony is deadly serious - a secret final evaluation! And what all newcomers quickly learn is that behind his welcoming grin, Dewey Dog, master of the Walden empire, is quite rabid. 36 pages, full color.",Comic,onsale,https://cdn.shopify.com/s/files/1/2358/6005/products/Aftermath-BigClean-coverA.jpg?v=1542222030,1
Aftermath Big Clean #5 - Cover A,"Story, Art and Cover by Kevin Molen and Matt Molen. The Governor of Lind returns to her constituency after a long weekend of conservation work. She's got the hunting trophies to prove it! After an encounter with a dangerous dissenter (and his little dog, too!), an epiphany reverberates through her mind like a gunshot on the open savanna: 'The Big Clean' is born. 28 pages, full color.",Comic,onsale,https://cdn.shopify.com/s/files/1/2358/6005/products/CCF02272018_0010.jpg?v=1519761549,1
Aftermath Big Clean #5 - Cover B,"Story, Art and Cover by Kevin Molen and Matt Molen. The Governor of Lind returns to her constituency after a long weekend of conservation work. She's got the hunting trophies to prove it! After an encounter with a dangerous dissenter (and his little dog, too!), an epiphany reverberates through her mind like a gunshot on the open savanna: 'The Big Clean' is born. 28 pages, full color.",Comic,onsale,https://cdn.shopify.com/s/files/1/2358/6005/products/CCF02272018.jpg?v=1519761583,1
Biz and Buzz,"<p>Two Brothers...From Different Mothers</p>
<p>Created, Written and Drawn by <a href=""/search?q=Kevin+Eastman"">Kevin Eastman</a> and <a href=""/search?q=Simon+Bisley"">Simon Bisley</a></p>",Comic,onsale,https://cdn.shopify.com/s/files/1/2358/6005/products/CCF03272018.jpg?v=1522682749,1
Hoax Hunters #1 - All 3 Covers,"<h2 align=""center"">Order all 3 covers and get 20% off!</h2>This is no prank! History is made today with the first-ever monthly comicto be published under the legendary banner of Heavy Metal! <br><br>With the Hoax Hunters team in shambles following Jack_s untimely departure, they head to Paris under Donovan_s controversial leadership. Don_t miss this landmark issue, as the series reaches a crucial turning point on and off of the page!<br><br><h2 align=""center"">LIMITED STOCK</h2><br><br><div align=""center""><a href=""../pdf/Hoax-Hunters-1-sample.pdf"" target=""_new""><img src=""../images/hh_download.jpg"" width=""500"" height=""250""></a></div>",Comic,"Comics, onsale",https://cdn.shopify.com/s/files/1/2358/6005/products/hh1_all3.jpg?v=1505679828,1
Hoax Hunters #1 - Cover A,"<h2 align=""center"">Cover A by Rob Prior</h2>
This is no prank! History is made today with the first-ever monthly comicto be published under the legendary banner of Heavy Metal! <br><br>With the Hoax Hunters team in shambles following Jack_s untimely departure, they head to Paris under Donovan_s controversial leadership. Don_t miss this landmark issue, as the series reaches a crucial turning point on and off of the page!<br><br>
<div align=""center""><a href=""https://subscriptions.heavymetal.com/pdf/Hoax-Hunters-1-sample.pdf"" target=""_new""><img src=""https://subscriptions.heavymetal.com/images/hh_download.jpg"" width=""500"" height=""250""></a></div>",Comic,"allowsale, Comics, onsale",https://cdn.shopify.com/s/files/1/2358/6005/products/hh1a.jpg?v=1505679828,1
Hoax Hunters #1 - Cover B,"<h2 align=""center"">Cover B by Christian DiBari</h2>This is no prank! History is made today with the first-ever monthly comicto be published under the legendary banner of Heavy Metal! <br><br>With the Hoax Hunters team in shambles following Jack_s untimely departure, they head to Paris under Donovan_s controversial leadership. Don_t miss this landmark issue, as the series reaches a crucial turning point on and off of the page!<br><br><div align=""center""><a href=""../pdf/Hoax-Hunters-1-sample.pdf"" target=""_new""><img src=""../images/hh_download.jpg"" width=""500"" height=""250""></a></div>",Comic,"allowsale, Comics, onsale",https://cdn.shopify.com/s/files/1/2358/6005/products/hh1b.jpg?v=1505679829,1
Hoax Hunters #1 - Cover C,"<h2 align=""center"">Cover C by ROB PRIOR</h2>This is no prank! History is made today with the first-ever monthly comicto be published under the legendary banner of Heavy Metal! <br><br>With the Hoax Hunters team in shambles following Jack_s untimely departure, they head to Paris under Donovan_s controversial leadership. Don_t miss this landmark issue, as the series reaches a crucial turning point on and off of the page!<br><br><h2 align=""center"">LIMITED STOCK<br>Fewer than 1,000 in print</h2><br><br><div align=""center""><a href=""../pdf/Hoax-Hunters-1-sample.pdf"" target=""_new""><img src=""../images/hh_download.jpg"" width=""500"" height=""250""></a></div>",Comic,"allowsale, Comics, onsale",https://cdn.shopify.com/s/files/1/2358/6005/products/hh1c.jpg?v=1505679829,1
"Hoax Hunters #1 - Cover C (Signed by Rob Prior, Michael Moreci and Steve Seeley)","<b>Hoax Hunters #1 - LIMITED EDITION SIGNED COPIES</b>
<p>Fewer than 100 copies</p>
<p>Here's an awesome opportunity to grab yourself a signed copy of the first issue. <b>This super rare variant cover by Rob Prior is signed by Rob Prior, Michael Moreci and Steve Seeley.</b></p>
<p>In Hoax Hunters News - Agents of SHIELD writer-consulting producer Craig Titley has been tapped to pen the script.</p>
<p>Don Murphy (Transformers) is attached to produce with Heavy Metal principles Jeff Krelitz and David Boxenbaum.</p>
<p>Created by Michael Moreci and Steve Seeley (the brother of Hack/Slash creator Tim Seeley), the comic focuses on a group of paranormal investigators who debunk mysteries for a TV show called Hoax Hunters. But in reality, the hunters are working hard to cover up and keep the world_s dark forces secret.</p>
<p>Titley comes with some geek credentials. In addition to SHIELD, he was a writer-consulting producer on the short-lived superhero show The Cape and wrote Percy Jackson &amp; the Olympians: The Lightning Thief. He also wrote episodes of Star Wars: The Clone Wars.</p>
<p>As a conspiracy nut, Titley, has an true affinity for the material. He was a writer and co-exec producer on the television documentary Conspiracy Theory: Did We Land On the Moon?</p>
<p>""I've never met a a conspiracy that I didn't love,"" Titley told The Hollywood Reporter. ""They force people to think outside the box, and are a way to rewire reality."" He said he hoped to stay as close to the comics as possible.</p>
<p> </p>",Comic,"Comics, Signed",https://cdn.shopify.com/s/files/1/2358/6005/products/HH3_signed.jpg?v=1505679828,1
Hoax Hunters #1 (Signed by Michael Moreci and Christian Dibari),<p>Signed by Michael Moreci and Christian Dibari</p>,Comic,"Signed, Signed Issues",https://cdn.shopify.com/s/files/1/2358/6005/products/hoax-hunters-1-signed.jpg?v=1505679833,1
Hoax Hunters #2,"Jack and his newfound group of ""investigators"" look into a series of grisly murders in their prison dimension home. Meanwhile, the Hoax Hunters team in Paris tries to keep their act together as a powerful French mystic proves to be more formidable an adversary than expected. The acclaimed series continues!!!<p>Story by    Michael Moreci, Steve Seeley<br>Art by    Christian DiBari<br>Colors by    Mike Spicer<br>Letters by    Jim Campbell<br>Cover by    Rob Prior</p><p><b>In Hoax Hunters News - Agents of SHIELD writer-consulting producer Craig Titley has been tapped to pen the script.</b></p><p>Don Murphy (Transformers) is attached to produce with Heavy Metal principles Jeff Krelitz and David Boxenbaum.</p><p>Created by Michael Moreci and Steve Seeley (the brother of Hack/Slash creator Tim Seeley), the comic focuses on a group of paranormal investigators who debunk mysteries for a TV show called Hoax Hunters. But in reality, the hunters are working hard to cover up and keep the world_s dark forces secret.</p><p>Titley comes with some geek credentials. In addition to SHIELD, he was a writer-consulting producer on the short-lived superhero show The Cape and wrote Percy Jackson &amp; the Olympians: The Lightning Thief. He also wrote episodes of Star Wars: The Clone Wars.</p><p>As a conspiracy nut, Titley, has an true affinity for the material. He was a writer and co-exec producer on the television documentary Conspiracy Theory: Did We Land On the Moon?</p><p>""I've never met a a conspiracy that I didn't love,"" Titley told The Hollywood Reporter. ""They force people to think outside the box, and are a way to rewire reality."" He said he hoped to stay as close to the comics as possible.</p>",Comic,"allowsale, Comics, onsale",https://cdn.shopify.com/s/files/1/2358/6005/products/HH2_cover.jpg?v=1505679830,1
Hoax Hunters #2 (Signed by Michael Moreci and Christian Dibari),<p>Signed by Michael Moreci and Christian Dibari</p>,Comic,"Signed, Signed Issues",https://cdn.shopify.com/s/files/1/2358/6005/products/hoaxs-hunters-2-signed.jpg?v=1505679834,1
Hoax Hunters #3,"Jack and Helena go toe to toe with a dangerous enemy while the Hoax Hunters face a foe of their own - a giant monster camped out in a French mansion. <p>Story by Michael Moreci, Steve Seeley<br>Art by Christian DiBari<br>Colors by Mike Spicer<br>Letters by Jim Campbell<br>Cover by Rob Prior</p><p><b>In Hoax Hunters News - Agents of SHIELD writer-consulting producer Craig Titley has been tapped to pen the script.</b></p><p>Don Murphy (Transformers) is attached to produce with Heavy Metal principles Jeff Krelitz and David Boxenbaum.</p><p>Created by Michael Moreci and Steve Seeley (the brother of Hack/Slash creator Tim Seeley), the comic focuses on a group of paranormal investigators who debunk mysteries for a TV show called Hoax Hunters. But in reality, the hunters are working hard to cover up and keep the world_s dark forces secret.</p><p>Titley comes with some geek credentials. In addition to SHIELD, he was a writer-consulting producer on the short-lived superhero show The Cape and wrote Percy Jackson &amp; the Olympians: The Lightning Thief. He also wrote episodes of Star Wars: The Clone Wars.</p><p>As a conspiracy nut, Titley, has an true affinity for the material. He was a writer and co-exec producer on the television documentary Conspiracy Theory: Did We Land On the Moon?</p><p>""I've never met a a conspiracy that I didn't love,"" Titley told The Hollywood Reporter. ""They force people to think outside the box, and are a way to rewire reality."" He said he hoped to stay as close to the comics as possible.</p>",Comic,"allowsale, Comics, onsale",https://cdn.shopify.com/s/files/1/2358/6005/products/hoax_hunters_03_400wide.jpg?v=1505679830,1
Hoax Hunters #3 (Signed by Michael Moreci and Christian Dibari),<p>Signed by Michael Moreci and Christian Dibari</p>,Comic,"Signed, Signed Issues",https://cdn.shopify.com/s/files/1/2358/6005/products/hoax-hunters-3-signed.jpg?v=1505679834,1
Hoax Hunters #4,"The acclaimed Image Comics series continues at Heavy Metal! The flagship title of the Heavy Metal comics line continues with this must read issue! Regan's powers are tested by a growing threat and Jack faces off with a multidimensional killer! This month's installment has all the exposition longtime readers are looking for with plenty of action for newcomers. <p>Story by Michael Moreci, Steve Seeley<br>Art by Christian DiBari<br>Colors by Mike Spicer<br>Letters by Jim Campbell<br>Cover by Rob Prior</p><p><b>In Hoax Hunters News - Agents of SHIELD writer-consulting producer Craig Titley has been tapped to pen the script.</b></p><p>Don Murphy (Transformers) is attached to produce with Heavy Metal principles Jeff Krelitz and David Boxenbaum.</p><p>Created by Michael Moreci and Steve Seeley (the brother of Hack/Slash creator Tim Seeley), the comic focuses on a group of paranormal investigators who debunk mysteries for a TV show called Hoax Hunters. But in reality, the hunters are working hard to cover up and keep the world_s dark forces secret.</p><p>Titley comes with some geek credentials. In addition to SHIELD, he was a writer-consulting producer on the short-lived superhero show The Cape and wrote Percy Jackson &amp; the Olympians: The Lightning Thief. He also wrote episodes of Star Wars: The Clone Wars.</p><p>As a conspiracy nut, Titley, has an true affinity for the material. He was a writer and co-exec producer on the television documentary Conspiracy Theory: Did We Land On the Moon?</p><p>""I've never met a a conspiracy that I didn't love,"" Titley told The Hollywood Reporter. ""They force people to think outside the box, and are a way to rewire reality."" He said he hoped to stay as close to the comics as possible.</p><p><b>Available 6/24/2015</b></p>",Comic,"allowsale, Comics, onsale",https://cdn.shopify.com/s/files/1/2358/6005/products/hoax_hunters_04_400wide.jpg?v=1505679830,1
Hoax Hunters #4 (Signed by Michael Moreci and Christian Dibari),<p>Signed by Michael Moreci and Christian Dibari</p>,Comic,"Signed, Signed Issues",https://cdn.shopify.com/s/files/1/2358/6005/products/hoax-hunters-4-signed.jpg?v=1505679834,1
Hoax Hunters #5,"The Arc concludes with Hoax Hunters 5<p>Story by Michael Moreci, Steve Seeley</p><p>Art by Christian DiBari</p><p>Colors by Mike Spicer</p><p>Letters by Jim Campbell</p><p>Cover by Rob Prior</p>",Comic,"allowsale, Comics, onsale",https://cdn.shopify.com/s/files/1/2358/6005/products/HH_5_cover.jpg?v=1505679833,1
Hoax Hunters #5 (Signed by Michael Moreci and Christian Dibari),<p>Signed by Michael Moreci and Christian Dibari</p>,Comic,"Signed, Signed Issues",https://cdn.shopify.com/s/files/1/2358/6005/products/hoax-hunters-5-signed.jpg?v=1505679835,1
Hollywood Undead Origins,"<p>Written by <b>Paul Allor</b>, the comic follows <b>HOLLYWOOD UNDEAD</b>'s members as they discover a deep conspiracy; all across Los Angeles, people are acting unnaturally happy and compliant. People in the counterculture are suddenly fitting into society, finding square jobs and loving them. Is it clones? Robots? Alien replacements? The crew discovers that in reality, it's a system of mental and physical alteration, funded by a powerful tech mogul-turned City Councilman. And what's more, the ""victims"" aren't victims at all; they're undergoing the process voluntarily. But our guys won't stand for that. They work to destroy the facility, assisted by like-minded people from across the city.</p>
<p>This fifty-six-page comic ties in with the release of <b>HOLLYWOOD UNDEAD</b>'s fifth studio album, <b>""V""</b>.</p>",Comic,onsale,https://cdn.shopify.com/s/files/1/2358/6005/products/CCF03092018.jpg?v=1520621932,1
Interceptor #1 - Cover A,"Written by Donny Cates. Art and Cover by Dylan Burnett. Interceptor tells the tale of Poli and Weep, two freedom fighters on a planet populated exclusively by blood-sucking vampires. A planet called Earth. A neon-drenched, blood-soaked vision of vampires like you've never seen before! (I.E. sweet mech suits and laser swords and stuff!) 28 pages, full color.",Comic,onsale,https://cdn.shopify.com/s/files/1/2358/6005/products/interceptor-1a-signed_1024x1024_2x_974e7668-ecfe-416f-a4dd-32ba6416a44b.jpg?v=1519845458,1
Interceptor #1 - Cover A - Signed,"<p>Signed by Donny Cates and Dylan Burnett</p>
<p>Written by Donny Cates. Art and Cover by Dylan Burnett. Interceptor tells the tale of Poli and Weep, two freedom fighters on a planet populated exclusively by blood-sucking vampires. A planet called Earth. A neon-drenched, blood-soaked vision of vampires like you've never seen before! (I.E. sweet mech suits and laser swords and stuff!) 28 pages, full color.</p>",Comic,"Signed, Signed Issues",https://cdn.shopify.com/s/files/1/2358/6005/products/interceptor-1a-signed.jpg?v=1505679840,1
Interceptor #1 - Cover B,"Written by Donny Cates. Art by Dylan Burnett. Cover by Daniel Warren Johnson. Interceptor tells the tale of Poli and Weep, two freedom fighters on a planet populated exclusively by blood-sucking vampires. A planet called Earth. A neon-drenched, blood-soaked vision of vampires like you've never seen before! (I.E. sweet mech suits and laser swords and stuff!) 28 pages, full color.",Comic,"Comics, onsale",https://cdn.shopify.com/s/files/1/2358/6005/products/CCF02272018_0007.jpg?v=1519760687,1
Interceptor #2,"Written by Donny Cates. Art by Dylan Burnett. Cover by Nick Pitarra Poli. (the titular Interceptor herself) and Weep (badass rebel kid) find themselves at the mercy of Sherriff Arden Reeve and the blood-drunk Baroness of the North, Matilda. Trapped in a vampire prison, surrounded on all sides and dangerously pissed off, Poli and Weep fight for survival as the fates of two worlds hang in the balance! 28 pages, full color.",Comic,onsale,https://cdn.shopify.com/s/files/1/2358/6005/products/interceptor2cover.jpg?v=1505679839,1
Interceptor #2 - Signed,"<p>Signed by Donny Cates and Dylan Burnett</p>
<p>Written by Donny Cates. Art by Dylan Burnett. Cover by Nick Pitarra Poli. (the titular Interceptor herself) and Weep (badass rebel kid) find themselves at the mercy of Sherriff Arden Reeve and the blood-drunk Baroness of the North, Matilda. Trapped in a vampire prison, surrounded on all sides and dangerously pissed off, Poli and Weep fight for survival as the fates of two worlds hang in the balance! 28 pages, full color.</p>",Comic,"Signed, Signed Issues",https://cdn.shopify.com/s/files/1/2358/6005/products/interceptor-2-signed.jpg?v=1505679840,1
Interceptor #3 - Cover A,"Written by Donny Cates. Art and Cover by Dylan Burnett. A comic about space vampires and mech suits with an all-female cast. Billions of light years from home, marooned on a planet full of vampires, outgunned, outmanned, and backed only by a ragtag team of human rebels made up of untrained farmers and children…what's a girl to do? While our heroine Poli doesn't know for sure, beating the living crap out of a cocky vampire sheriff for information seems like a great place to start!",Comic,onsale,https://cdn.shopify.com/s/files/1/2358/6005/products/CCF02282018_0011.jpg?v=1519844188,1
Interceptor #3 - Cover B,"Written by Donny Cates. Art by Dylan Burnett. Cover by Nick Pitarra. A comic about space vampires and mech suits with an all-female cast. Billions of light years from home, marooned on a planet full of vampires, outgunned, outmanned, and backed only by a ragtag team of human rebels made up of untrained farmers and children…what's a girl to do? While our heroine Poli doesn't know for sure, beating the living crap out of a cocky vampire sheriff for information seems like a great place to start! 28 pages, full color.",Comic,onsale,https://cdn.shopify.com/s/files/1/2358/6005/products/CCF02282018_0012.jpg?v=1519844217,1
Interceptor #4 - Cover A,"Written by Donny Cates. Art and Cover by Dylan Burnett. As Poli suits up to overthrow the vampire city of New Wallachia, Weep and her family-Hey, you know what? I'm gonna level with you here, this issue is like 90% mech suit destruction. it's insane and great and please order it. 28 pages, full color.",Comic,onsale,https://cdn.shopify.com/s/files/1/2358/6005/products/CCF02282018_0013.jpg?v=1519844234,1
Interceptor #4 - Cover B,"Written by Donny Cates. Art by Dylan Burnett. Cover by Adam Gorham. As Poli suits up to overthrow the vampire city of New Wallachia, Weep and her family-Hey, you know what? I'm gonna level with you here, this issue is like 90% mech suit destruction. it's insane and great and please order it. 28 pages, full color.",Comic,onsale,https://cdn.shopify.com/s/files/1/2358/6005/products/CCF02272018_0001.jpg?v=1519760565,1
Interceptor #5 - Cover A,"Written by Donny Cates. Art and Cover by Dylan Burnett. Poli faces her bloodsucking betrayer as the fate of two worlds hangs in the balance. Will the people of Earth survive this final conflict? Will Palus come to the rescue and save Poli? Will Poli beat the ever-living crap out of some more vampires? In order: maybe, probably not, and absolutley. It all ends here, folks. 28 pages, full color.",Comic,onsale,https://cdn.shopify.com/s/files/1/2358/6005/products/CCF02272018_0002.jpg?v=1519760747,1
Interceptor #5 - Cover B,"Written by Donny Cates. Art by Dylan Burnett. Cover by Jamal Campbell. Poli faces her bloodsucking betrayer as the fate of two worlds hangs in the balance. Will the people of Earth survive this final conflict? Will Palus come to the rescue and save Poli? Will Poli beat the ever-living crap out of some more vampires? In order: maybe, probably not, and absolutley. It all ends here, folks. 28 pages, full color.",Comic,onsale,https://cdn.shopify.com/s/files/1/2358/6005/products/CCF02282018_0016.jpg?v=1519844274,1
Iron Maiden Legacy of the Beast - Issue #1 - Cover A,"When dark forces conspire to corrupt the fabric of reality, Eddie's immortal soul is shattered and strewn across the cosmos, his unbound essence corrupting countless worlds! Now, a weakened, primal Eddie must journey across space and time to battle the twisted legions of The Beast, seek out the lost shards of his soul, and bring order to the realms. With each victory, and with the aid of old friends, Eddie will restore his fearsome powers as he draws ever closer to facing the Unholy foe behind his fall - and thwarting a plot to unravel all of Creation! The first official Iron Maiden comic series, based on the band's hit mobile role playing game, Iron Maiden: Legacy Of The Beast, where players battle as Eddie across the many worlds of Iron Maiden's discography, from the ancient sands of Powerslave to the far future of the Final Frontier.
<p> </p>
<p>Cover by <a href=""https://heavy-metal-mag.myshopify.com/search?q=Santi+Casas"">Santi Casas</a></p>",Comic,"Iron Maiden, onsale",https://cdn.shopify.com/s/files/1/2358/6005/products/IRON_MAIDEN_01_Cover_A.jpg?v=1508342259,1
Iron Maiden Legacy of the Beast - Issue #1 - Cover B,"When dark forces conspire to corrupt the fabric of reality, Eddie's immortal soul is shattered and strewn across the cosmos, his unbound essence corrupting countless worlds! Now, a weakened, primal Eddie must journey across space and time to battle the twisted legions of The Beast, seek out the lost shards of his soul, and bring order to the realms. With each victory, and with the aid of old friends, Eddie will restore his fearsome powers as he draws ever closer to facing the Unholy foe behind his fall - and thwarting a plot to unravel all of Creation! The first official Iron Maiden comic series, based on the band's hit mobile role playing game, Iron Maiden: Legacy Of The Beast, where players battle as Eddie across the many worlds of Iron Maiden's discography, from the ancient sands of Powerslave to the far future of the Final Frontier.",Comic,"Iron Maiden, onsale",https://cdn.shopify.com/s/files/1/2358/6005/products/IRON_MAIDEN_01_Cover_B.jpg?v=1508342304,1
Iron Maiden Legacy of the Beast - Issue #1 - Cover C,"When dark forces conspire to corrupt the fabric of reality, Eddie's immortal soul is shattered and strewn across the cosmos, his unbound essence corrupting countless worlds! Now, a weakened, primal Eddie must journey across space and time to battle the twisted legions of The Beast, seek out the lost shards of his soul, and bring order to the realms. With each victory, and with the aid of old friends, Eddie will restore his fearsome powers as he draws ever closer to facing the Unholy foe behind his fall - and thwarting a plot to unravel all of Creation! The first official Iron Maiden comic series, based on the band's hit mobile role playing game, Iron Maiden: Legacy Of The Beast, where players battle as Eddie across the many worlds of Iron Maiden's discography, from the ancient sands of Powerslave to the far future of the Final Frontier.",Comic,"Iron Maiden, onsale",https://cdn.shopify.com/s/files/1/2358/6005/products/IRON_MAIDEN_01_Cover_C.jpg?v=1508342325,1
Iron Maiden Legacy of the Beast - Issue #1 - SDCC NUMBERED,"<p><strong>**SDCC Numbered**</strong></p>
<meta charset=""utf-8"">
<p><span>When dark forces conspire to corrupt the fabric of reality, Eddie's immortal soul is shattered and strewn across the cosmos, his unbound essence corrupting countless worlds! Now, a weakened, primal Eddie must journey across space and time to battle the twisted legions of The Beast, seek out the lost shards of his soul, and bring order to the realms. With each victory, and with the aid of old friends, Eddie will restore his fearsome powers as he draws ever closer to facing the Unholy foe behind his fall - and thwarting a plot to unravel all of Creation! The first official Iron Maiden comic series, based on the band's hit mobile role playing game, Iron Maiden: Legacy Of The Beast, where players battle as Eddie across the many worlds of Iron Maiden's discography, from the ancient sands of Powerslave to the far future of the Final Frontier.</span></p>",Comic,"Iron Maiden, Rare-Collectible",https://cdn.shopify.com/s/files/1/2358/6005/products/IMG_20170720_160304.jpg?v=1505679641,1
Iron Maiden Legacy of the Beast - Issue #2 - Cover A,"<p>When dark forces conspire to corrupt the fabric of reality, Eddie's immortal soul is shattered and strewn across the cosmos, his unbound essence corrupting countless worlds! Now, a weakened, primal Eddie must journey across space and time to battle the twisted legions of The Beast, seek out the lost shards of his soul, and bring order to the realms. With each victory, and with the aid of old friends, Eddie will restore his fearsome powers as he draws ever closer to facing the Unholy foe behind his fall - and thwarting a plot to unravel all of Creation! The first official Iron Maiden comic series, based on the band's hit mobile role playing game, Iron Maiden: Legacy Of The Beast, where players battle as Eddie across the many worlds of Iron Maiden's discography, from the ancient sands of Powerslave to the far future of the Final Frontier.</p>
<p> </p>
<p>Cover by <a href=""/search?q=Santi+Casas"">Santi Casas</a></p>",Comic,"Iron Maiden, onsale",https://cdn.shopify.com/s/files/1/2358/6005/products/IRON_MAIDEN_02_Cover_A.jpg?v=1512856942,1
Iron Maiden Legacy of the Beast - Issue #2 - Cover B,"<p>When dark forces conspire to corrupt the fabric of reality, Eddie's immortal soul is shattered and strewn across the cosmos, his unbound essence corrupting countless worlds! Now, a weakened, primal Eddie must journey across space and time to battle the twisted legions of The Beast, seek out the lost shards of his soul, and bring order to the realms. With each victory, and with the aid of old friends, Eddie will restore his fearsome powers as he draws ever closer to facing the Unholy foe behind his fall - and thwarting a plot to unravel all of Creation! The first official Iron Maiden comic series, based on the band's hit mobile role playing game, Iron Maiden: Legacy Of The Beast, where players battle as Eddie across the many worlds of Iron Maiden's discography, from the ancient sands of Powerslave to the far future of the Final Frontier.</p>
<p> </p>
<p>Cover by <a href=""https://heavy-metal-mag.myshopify.com/search?q=Santi+Casas"">Santi Casas</a></p>",Comic,"Iron Maiden, onsale",https://cdn.shopify.com/s/files/1/2358/6005/products/IRON_MAIDEN_02_Cover_B.jpg?v=1512856963,1
Iron Maiden Legacy of the Beast - Issue #2 - Cover C,"<p>When dark forces conspire to corrupt the fabric of reality, Eddie's immortal soul is shattered and strewn across the cosmos, his unbound essence corrupting countless worlds! Now, a weakened, primal Eddie must journey across space and time to battle the twisted legions of The Beast, seek out the lost shards of his soul, and bring order to the realms. With each victory, and with the aid of old friends, Eddie will restore his fearsome powers as he draws ever closer to facing the Unholy foe behind his fall - and thwarting a plot to unravel all of Creation! The first official Iron Maiden comic series, based on the band's hit mobile role playing game, Iron Maiden: Legacy Of The Beast, where players battle as Eddie across the many worlds of Iron Maiden's discography, from the ancient sands of Powerslave to the far future of the Final Frontier.</p>
<p> </p>
<p>Cover by <a href=""https://heavy-metal-mag.myshopify.com/search?q=Santi+Casas"">Santi Casas</a></p>",Comic,"Iron Maiden, onsale",https://cdn.shopify.com/s/files/1/2358/6005/products/IRON_MAIDEN_02_Cover_C.jpg?v=1512856961,1
Iron Maiden Legacy of the Beast - Issue #3 - Cover A,,Comic,"Iron Maiden, onsale",https://cdn.shopify.com/s/files/1/2358/6005/products/IRON_MAIDEN_03_Cover_A.jpg?v=1516982867,1
Iron Maiden Legacy of the Beast - Issue #3 - Cover B,,Comic,"Iron Maiden, onsale",https://cdn.shopify.com/s/files/1/2358/6005/products/IRON_MAIDEN_03_Cover_B.jpg?v=1516982860,1
Iron Maiden Legacy of the Beast - Issue #3 - Cover C,,Comic,"Iron Maiden, onsale",https://cdn.shopify.com/s/files/1/2358/6005/products/IRON_MAIDEN_03_Cover_C.jpg?v=1516982877,1
Iron Maiden Legacy of the Beast - Issue #4 - Cover A,,Comic,"Iron Maiden, onsale",https://cdn.shopify.com/s/files/1/2358/6005/products/CCF03262018.jpg?v=1522093527,1
Iron Maiden Legacy of the Beast - Issue #4 - Cover B,,Comic,"Iron Maiden, onsale",https://cdn.shopify.com/s/files/1/2358/6005/products/CCF03262018_0001.jpg?v=1522093563,1
Iron Maiden Legacy of the Beast - Issue #4 - Cover C,,Comic,"Iron Maiden, onsale",https://cdn.shopify.com/s/files/1/2358/6005/products/CCF03262018_0002.jpg?v=1522093596,1
Iron Maiden Legacy of the Beast - Issue #5 - Cover A,"<span>When dark forces conspire to corrupt the fabric of reality, Eddie's immortal soul is shattered and strewn across the cosmos, his unbound essence corrupting countless worlds! Now, a weakened, primal Eddie must journey across space and time to battle the twisted legions of The Beast, seek out the lost shards of his soul, and bring order to the realms. With each victory, and with the aid of old friends, Eddie will restore his fearsome powers as he draws ever closer to facing the Unholy foe behind his fall - and thwarting a plot to unravel all of Creation! The first official Iron Maiden comic series, based on the band's hit mobile role playing game, Iron Maiden: Legacy Of The Beast, where players battle as Eddie across the many worlds of Iron Maiden's discography, from the ancient sands of Powerslave to the far future of the Final Frontier.</span>",Comic,"Comics, Iron Maiden, onsale",https://cdn.shopify.com/s/files/1/2358/6005/products/IRON_MAIDEN_05_Cover_A.jpg?v=1528472721,1
Iron Maiden Legacy of the Beast - Issue #5 - Cover B,"<span>When dark forces conspire to corrupt the fabric of reality, Eddie's immortal soul is shattered and strewn across the cosmos, his unbound essence corrupting countless worlds! Now, a weakened, primal Eddie must journey across space and time to battle the twisted legions of The Beast, seek out the lost shards of his soul, and bring order to the realms. With each victory, and with the aid of old friends, Eddie will restore his fearsome powers as he draws ever closer to facing the Unholy foe behind his fall - and thwarting a plot to unravel all of Creation! The first official Iron Maiden comic series, based on the band's hit mobile role playing game, Iron Maiden: Legacy Of The Beast, where players battle as Eddie across the many worlds of Iron Maiden's discography, from the ancient sands of Powerslave to the far future of the Final Frontier.</span>",Comic,"Comics, Iron Maiden, onsale",https://cdn.shopify.com/s/files/1/2358/6005/products/IRON_MAIDEN_05_Cover_B.jpg?v=1528473012,1
Iron Maiden Legacy of the Beast - Issue #5 - Cover C,"<span>When dark forces conspire to corrupt the fabric of reality, Eddie's immortal soul is shattered and strewn across the cosmos, his unbound essence corrupting countless worlds! Now, a weakened, primal Eddie must journey across space and time to battle the twisted legions of The Beast, seek out the lost shards of his soul, and bring order to the realms. With each victory, and with the aid of old friends, Eddie will restore his fearsome powers as he draws ever closer to facing the Unholy foe behind his fall - and thwarting a plot to unravel all of Creation! The first official Iron Maiden comic series, based on the band's hit mobile role playing game, Iron Maiden: Legacy Of The Beast, where players battle as Eddie across the many worlds of Iron Maiden's discography, from the ancient sands of Powerslave to the far future of the Final Frontier.</span>",Comic,"Comics, Iron Maiden, onsale",https://cdn.shopify.com/s/files/1/2358/6005/products/IRON_MAIDEN_05_Cover_C.jpg?v=1528473178,1
Iron Maiden Legacy of the Beast SDCC 2018 Signed Special Edition #1,"<p>This 2018 San Diego Comic-Con Exclusive special edition of Iron Maiden: Legacy of the Beast #1 printed on high quality paper with a spot varnish cover featuring ETERNITY EDDIE. </p>
<p>The issue is signed by creator Llexi Leon &amp; artist Kevin West.  Numbered edition limited to 666 units.</p>
<p><span style=""text-decoration: underline;""><strong><span style=""color: #ff0000; text-decoration: underline;"">***ONLY 100 UNITS AVAILABLE ONLINE***</span></strong></span></p>
<p><span style=""text-decoration: underline;""><strong><span style=""color: #ff0000; text-decoration: underline;"">***LIMIT 2 PER HOUSEHOLD***</span></strong></span></p>",Comic,Iron Maiden,https://cdn.shopify.com/s/files/1/2358/6005/products/Iron_Maiden_BMG.jpg?v=1531671589,1
Melting Pot #3,"Melting Pot is a Sci-Fi/Fantasy epic and is the brainchild of Teenage Mutant Ninja Turtle co-creator Kevin Eastman. In the shocking aftermath of last issue, Lord Tyler flees into the Badlands and slays anything that moves. Will he return in time to lead his troops into battle? Plus, a mysterious woman warrior cuts a swath of terror across the land on the way to her fateful meeting with Tyler. Story and art by Kevin Eastman. Additional art by Eric Talbot. Paints by Simon Bisley.",Comic,onsale,https://cdn.shopify.com/s/files/1/2358/6005/products/CCF02272018_0003.jpg?v=1519761963,1
Narcopolis: Continuum - Issue #1,"<p>In the near distant future, genius inventor Ben creates the ultimate drug. No ordinary narcotic, its effects will take Ben on a trip through time in an attempt to uncover the truth behind his father_s disappearance twenty years ago. In searching for answers, the past reveals its secrets that the young scientist won_t accept, even if it means risking everything he_s worked for. Based on the UK sci-fi thriller starring Elliot Cowan (Da Vinci_s Demons), Elodie Yung (Marvel's Daredevil), James Callis (Battlestar Galatica), and Jonathan Pryce (Brazil), Narcopolis: Continuum explores new corners of the world introduced in the movie.</p>",Comic,,https://cdn.shopify.com/s/files/1/2358/6005/products/narcopolis_continuum_1.jpg?v=1545855687,1
Narcopolis: Continuum - Issue #2,"<p><span>The world's first time traveler discovers that his power-hungry employer is likely behind his father's disappearance twenty years ago. With just a hunch to go on and a handful of time-bending drugs, the young genius puts his new invention to the test - a trip into the past turns into equal parts experiment and manhunt as the most powerful drug lord of his time will do whatever it takes to get his hands on the time-altering narcotics.</span></p>",Comic,,https://cdn.shopify.com/s/files/1/2358/6005/products/narcopolis_continuum_2.jpg?v=1545855837,1
Narcopolis: Continuum - Issue #3,"<p><span>On the run and short on time, Ben must face the ultimate evil in order to alter history - drug lord Todd Ambro (a.k.a., his boss)! Every choice made from this pivotal moment forward will not only affect his future but his past as well. Reunited with his father in the darkest timeline yet, Ben learns the hard way that you can transcend time and space...but you can never go home. The penultimate chapter of this time-hopping adventure begins here in Part 3 of this series.</span></p>",Comic,,https://cdn.shopify.com/s/files/1/2358/6005/products/narcopolis_continuum_3.jpg?v=1545855895,1
Narcopolis: Continuum - Issue #4 - Cover A,"<p><span>Time traveler Ben's lifelong desire to discover the truth behind his father's disappearance has led to a path of destruction, putting his loved ones in harm's way. Now he will do anything to reverse these events even if that means putting an end to his own life before he was ever born! All paths lead to this moment in time in this shattering conclusion to the 4-part series based on events from the sci-fi movie Narcopolis.</span></p>",Comic,,https://cdn.shopify.com/s/files/1/2358/6005/products/narcopolis_continuum_4a.jpg?v=1545855938,1
Narcopolis: Continuum - Issue #4 - Cover B,"<p><span>Time traveler Ben's lifelong desire to discover the truth behind his father's disappearance has led to a path of destruction, putting his loved ones in harm's way. Now he will do anything to reverse these events even if that means putting an end to his own life before he was ever born! All paths lead to this moment in time in this shattering conclusion to the 4-part series based on events from the sci-fi movie Narcopolis.</span></p>",Comic,,https://cdn.shopify.com/s/files/1/2358/6005/products/narcopolis_continuum_4b.jpg?v=1545855962,1
Project X - Thump'n Guts,"<p align=""center""><span style=""font-family: Verdana,Arial,Helvetica,sans-serif;"" face=""Verdana, Arial, Helvetica, sans-serif""><b>Finally available again and exclusively through HeavyMetal.com.</b></span></p>
<p align=""center""><b><span style=""font-family: Verdana,Arial,Helvetica,sans-serif;"" face=""Verdana, Arial, Helvetica, sans-serif"">Out of circulation for nearly 20 years!!</span></b></p>
<p align=""center""><b><span style=""font-family: Verdana,Arial,Helvetica,sans-serif; font-size: large;"" face=""Verdana, Arial, Helvetica, sans-serif"" size=""4"">PROJECT X IS THUMP'N GUTS</span></b></p>
<p> </p>
<p><span style=""font-family: Verdana,Arial,Helvetica,sans-serif;"" face=""Verdana, Arial, Helvetica, sans-serif"">In each pre-sealed package you get...</span></p>
<ul>
<li><span style=""font-family: Verdana,Arial,Helvetica,sans-serif;"" face=""Verdana, Arial, Helvetica, sans-serif"">Thump'n Guts with one of 3 Simon Bisley Covers</span></li>
<li><span style=""font-family: Verdana,Arial,Helvetica,sans-serif;"" face=""Verdana, Arial, Helvetica, sans-serif"">The exclusive Thump'n Guts poster</span></li>
<li><span style=""font-family: Verdana,Arial,Helvetica,sans-serif;"" face=""Verdana, Arial, Helvetica, sans-serif"">One of 6 Thump'n Guts trading cards</span></li>
<li><span style=""font-family: Verdana,Arial,Helvetica,sans-serif;"" face=""Verdana, Arial, Helvetica, sans-serif"">and maybe... just maybe... <b>$100 IN CASH!!!</b></span></li>
</ul>
<p> </p>",Comic,"onsale, Thumpin Guts",https://cdn.shopify.com/s/files/1/2358/6005/products/thumpnguts.jpg?v=1505680037,1
ReincarNATE #1,,Comic,,https://cdn.shopify.com/s/files/1/2358/6005/products/CCF02272018_0016_9b435948-015f-4993-88ed-0aa3d64f050f.jpg?v=1545343126,1
ReincarNATE #2,,Comic,,https://cdn.shopify.com/s/files/1/2358/6005/products/CCF02272018_0012_cdcd48f2-0b4f-49bf-8b86-032af277f9c9.jpg?v=1545343474,1
ReincarNATE #3,,Comic,,https://cdn.shopify.com/s/files/1/2358/6005/products/CCF02272018_0013_4078b9b7-7061-41dc-b54d-803278480053.jpg?v=1545343518,1
ReincarNATE #4,<p><span>Everything comes to a head as Nate races against the clock to prevent a deadly plot from unfolding. The action-packed finale to ReincarNATE brings the thrilling mystery to satisfying close.</span></p>,Comic,,https://cdn.shopify.com/s/files/1/2358/6005/products/reincarnate_issue4.jpg?v=1545862263,1
Taarna - Issue #1 - Cover A,"<p><strong>In Stock!</strong></p>
<p><strong><i>Heavy Metal</i>'s legendary character finally gets her own ongoing series courtesy of writer, Alex de Campi (<i>No Mercy</i>, <i>Semi-auto Magic</i>) and artist Esau Escorza (<i>The Door</i>) delivering another tale of the immortal warrior's quest to avenge injustice. Alex Ross provides two beautiful cover selections, launching this character into her greatest adventure - Comics! </strong></p>",Comic,Taarna,https://cdn.shopify.com/s/files/1/2358/6005/products/TAARNA_01_Cover_A.jpg?v=1516982980,1
Taarna - Issue #1 - Cover B,"<p><strong>In Stock!</strong></p>
<p><strong><i>Heavy Metal</i>'s legendary character finally gets her own ongoing series courtesy of writer, Alex de Campi (<i>No Mercy</i>, <i>Sem-iauto Magic</i>) and artist Esau Escorza (<i>The Door</i>) delivering another tale of the immortal warrior's quest to avenge injustice. Alex Ross provides two beautiful cover selections, launching this character into her greatest adventure - Comics! </strong></p>",Comic,"onsale, Taarna",https://cdn.shopify.com/s/files/1/2358/6005/products/TAARNA_01_Cover_B.jpg?v=1516982970,1
Taarna - Issue #2 - Chris Achilleos - Cover  B,"<p><em>Heavy Metal's legendary character finally gets her own ongoing series courtesy of writer, Alex de Campi (No Mercy, Semi-auto Magic) and artist Esau Escorza (The Door) delivering another tale of the immortal warrior's quest to avenge injustice. Chris Achilleos’ classic image adorns this cover, launching this character into her greatest adventure - Comics! </em></p>",Comic,"Comics, onsale, Taarna",https://cdn.shopify.com/s/files/1/2358/6005/products/TAARNA_02_Cover_B.jpg?v=1528472481,1
Taarna - Issue #2 - Luis Royo - Cover B,"<p>Heavy Metal's legendary character finally gets her own ongoing series courtesy of writer, Alex de Campi (No Mercy, Semi-auto Magic) and artist Esau Escorza (The Door) delivering another tale of the immortal warrior's quest to avenge injustice. Luis Royo provides the beautiful cover selection, launching this character into her greatest adventure - Comics! </p>",Comic,"onsale, Taarna",https://cdn.shopify.com/s/files/1/2358/6005/products/TAARNA_02_Cover_A.jpg?v=1528358617,1
Taarna - Issue #3 - Arman Akopian - Cover A,"Heavy Metal's legendary character finally gets her own ongoing series courtesy of writer, Alex de Campi (No Mercy, Semi-auto Magic) and artist Esau Escorza (The Door) delivering another tale of the immortal warrior's quest to avenge injustice. Arman Akopian’s beautiful art adorns this cover, launching this character into her greatest adventure - Comics!",Comic,"onsale, Taarna",https://cdn.shopify.com/s/files/1/2358/6005/products/TAARNA_03_Cover_A_Arman_Akopian.jpg?v=1536941962,1
Taarna - Issue #3 - Romulo Royo - Cover B,"<p><span style=""color: #000000;"">Heavy Metal's legendary character finally gets her own ongoing series courtesy of writer, Alex de Campi (No Mercy, Semi-auto Magic) and artist Esau Escorza (The Door) delivering another tale of the immortal warrior's quest to avenge injustice. Romulo Royo’s beautiful art adorns this cover, launching this character into her greatest adventure - Comics! </span></p>",Comic,"onsale, Taarna",https://cdn.shopify.com/s/files/1/2358/6005/products/TAARNA_03_Cover_B_Romulo_Royo.jpg?v=1536942119,1
Taarna - Issue #4 - Cover A - Luis Royo,"<p><span style=""color: #ff0000;""> <strong>Estimated to begin shipping on January 7th, 2019</strong></span></p>
<p>Heavy Metal's legendary character finally gets her own ongoing series courtesy of writer, Alex de Campi (No Mercy, Semi-auto Magic) and artist Esau Escorza (The Door) delivering another tale of the immortal warrior's quest to avenge injustice. Arman Akopian’s beautiful art adorns this cover, launching this character into her greatest adventure - Comics!</p>",Comic,"Luis Royo, New Item, Taarna",https://cdn.shopify.com/s/files/1/2358/6005/products/TAARNA_04_Cover_A_front.jpg?v=1543506239,1
Taarna - Issue #4 - Cover B - Luis Royo - HeavyMetal.com Exclusive,"<p><span style=""color: #ff0000;""> <strong>Estimated to begin shipping on January 7th, 2019</strong></span></p>
<p><em><span style=""color: #6aa84f;"">This cover is EXCLUSIVE to HeavyMetal.com and will not be sold anywhere else.</span></em></p>
<p>Heavy Metal's legendary character finally gets her own ongoing series courtesy of writer, Alex de Campi (No Mercy, Semi-auto Magic) and artist Esau Escorza (The Door) delivering another tale of the immortal warrior's quest to avenge injustice. Arman Akopian’s beautiful art adorns this cover, launching this character into her greatest adventure - Comics!</p>
<p> </p>",Comic,"HeavyMetal.com Exclusive, Luis Royo, New Item, Taarna",https://cdn.shopify.com/s/files/1/2358/6005/products/TAARNA_04_Cover_B_front.jpg?v=1543516514,1
The Doorman #1,"Written by Eliot Rahal and Daniel Kibblesmith. Art and Cover by Kendall Goode. Henry Clay Waters is The Doorman of Earth and hasn't had an interstellar visitor in decades until... his last day on the job when an extraterrestrial assassin darkens his doorstep. Saved by the neurotic alien Detective Flower, the two must team up to solve the galaxy's biggest mystery or get killed trying! 28 pages, full color.",Comic,onsale,https://cdn.shopify.com/s/files/1/2358/6005/products/doorman1.jpg?v=1505680026,1
The Doorman #1 - Signed,"<p>Signed by Daniel Kibblesmith, Eliot Rahal</p>",Comic,"Signed, Signed Issues",https://cdn.shopify.com/s/files/1/2358/6005/products/dorman-1-signed.jpg?v=1505680023,1
The Doorman #2,"Written by Eliot Rahal and Daniel Kibblesmith. Art and Cover by Kendall Goode. Henry's marooned on an alien planet. Detective Flower's been shot. Charming gazillionaire, Carlisle Moongale, just murdered every other Doorman in the galaxy. Now, Henry must convince corrupt space cops to go after the universe's richest man - or learn that in space, no one can hear you squeal! 28 pages, full color.",Comic,onsale,https://cdn.shopify.com/s/files/1/2358/6005/products/CCF02282018_0007.jpg?v=1519840392,1
The Doorman #3,"Written by Eliot Rahal and Daniel Kibblesmith. Art and Cover by Kendall Goode. Space has officially hit the fan. A mysterious new ally needs The Doorman and Detective Flower to pull off the heist of their lives. Unless their enemy's sexy secret weapon rips them to shreds first. Caught in between: one koala who holds the key to the galaxy's biggest cover-up. 28 pages, full color.",Comic,onsale,https://cdn.shopify.com/s/files/1/2358/6005/products/CCF02282018_0008.jpg?v=1519840472,1
The Doorman #4 - Cover A,"Written by Eliot Rahal and Daniel Kibblesmith. Art and Cover by Kendall Goode. Our first series ends with a big bang! The Publicist is out for blood, and the heroes must scramble to save the day. Armed with the Koalmanac and a guileless clone of Carlisle Moongale, Flower and Henry storm Carlisle's corporate castle to thwart his evil plan. The problem? It's too late. 28 pages, full color.",Comic,onsale,https://cdn.shopify.com/s/files/1/2358/6005/products/CCF02282018_0009.jpg?v=1519840663,1
The Doorman #4 - Cover A - Signed,"<p>Signed by Daniel Kibblesmith, Eliot Rahal</p>",Comic,"Signed, Signed Issues",https://cdn.shopify.com/s/files/1/2358/6005/products/doorman-4a-signed.jpg?v=1505680025,1
The Doorman Collected Vol. 1,"On every planet there is a DOOR that can take you anywhere in the galaxy. Henry Clay Waters is the Doorman for Earth _ and he_s one day from retirement. So why is he suddenly the target of Intergalactic assassins? Can spunky alien cop, Detective Flower, keep him alive long enough to find out? It_s a cosmic comic caper full of space Koalas, monsters, exploding heads, and egomaniac extraterrestrial gazillionaires, as two working-class heroes try to save The Universe in THE DOORMAN!<br><br><a href=""http://www.comicsbeat.com/a-year-of-free-comics-the-doorman-1-by-kibblesmith-rahal-and-goode/"" target=""_blank""><div style=""color:green; font-weight:bold; font-size:20px; width:100%; text-align:center;"">CLICK HERE to view the first 32 pages FREE!</div></a>",Comic,"Comics, onsale",https://cdn.shopify.com/s/files/1/2358/6005/products/The_Doorman_Collected_Vol_01.jpg?v=1505680026,1
The Paybacks #1 - Cover A,"Written by Donny Cates and Eliot Rahal. Art and Cover by Geoff Shaw. The secret identities of the world's superhero community have been leaked to the press, and the blame has fallen on our team of super indebted losers! It's The Paybacks versus the whole dang world. So...what else is new? Well, plenty! 28 pages, full color.",Comic,onsale,https://cdn.shopify.com/s/files/1/2358/6005/products/CCF02282018_0004.jpg?v=1519838869,1
The Paybacks #1 - Cover B,"Written by Donny Cates and Eliot Rahal. Art by Geoff Shaw. Cover by Ryan Lee. The secret identities of the world's superhero community have been leaked to the press, and the blame has fallen on our team of super indebted losers! It's The Paybacks versus the whole dang world. So...what else is new? Well, plenty! 28 pages, full color.",Comic,onsale,https://cdn.shopify.com/s/files/1/2358/6005/products/CCF02282018_0005.jpg?v=1519838912,1
The Paybacks #1 - Cover C,"Written by Donny Cates and Eliot Rahal. Art by Geoff Shaw. Cover by Art Baltazar. The secret identities of the world's superhero community have been leaked to the press, and the blame has fallen on our team of super indebted losers! It's The Paybacks versus the whole dang world. So...what else is new? Well, plenty! 28 pages, full color.",Comic,onsale,https://cdn.shopify.com/s/files/1/2358/6005/products/CCF02282018_0006.jpg?v=1519838963,1
The Paybacks #2 - Cover A,"Written by Donny Cates and Eliot Rahal. Art and Cover by Geoff Shaw. The Paybacks think Doctor Blaqk is responsible for the information leak that revealed every superhero's identity. HighGuard blames the Paybacks and is totes going to kill them all. Also, our heroes journey to the center of The infinite Van to seek answers! Oh, and Miss Adventure and Bloodpouch march off to war. It's a whole thing. Yikes. Mondays, amiright? 28 pages, full color.",Comic,"onsale, Signed, Signed Issues",https://cdn.shopify.com/s/files/1/2358/6005/products/3634901_0dfd3db2-32a2-4410-af7e-ff3727c0caa7.jpg?v=1519845721,1
The Paybacks #2 - Cover A - Signed,"<p>Signed by Eliot Rahal, Donny Cates, Geoff Shaw</p>
<p>Written by Donny Cates and Eliot Rahal. Art and Cover by Geoff Shaw. The Paybacks think Doctor Blaqk is responsible for the information leak that revealed every superhero's identity. HighGuard blames the Paybacks and is totes going to kill them all. Also, our heroes journey to the center of The infinite Van to seek answers! Oh, and Miss Adventure and Bloodpouch march off to war. It's a whole thing. Yikes. Mondays, amiright? 28 pages, full color.</p>",Comic,"Signed, Signed Issues",https://cdn.shopify.com/s/files/1/2358/6005/products/paybacks-2b-signed.jpg?v=1505680034,1
The Paybacks #2 - Cover B,"Written by Donny Cates and Eliot Rahal. Art and Cover by Geoff Shaw. The Paybacks think Doctor Blaqk is responsible for the information leak that revealed every superhero's identity. HighGuard blames the Paybacks and is totes going to kill them all. Also, our heroes journey to the center of The infinite Van to seek answers! Oh, and Miss Adventure and Bloodpouch march off to war. It's a whole thing. Yikes. Mondays, amiright? 28 pages, full color.",Comic,onsale,https://cdn.shopify.com/s/files/1/2358/6005/products/paybacks-2a-signed_2ae97b94-1fd6-492d-a358-73516262b554.jpg?v=1519845682,1
The Paybacks #3,"Written by Donny Cates and Eliot Rahal. Art and Cover by Geoff Shaw. Betrayal! Revenge! War! And a journey to the center of an endless labyrinth filled with crazy (k)nightmare stuff inside an infinite mansion inside a super cool guy van! 28 pages, full color.",Comic,"onsale, Signed",https://cdn.shopify.com/s/files/1/2358/6005/products/CCF02272018_0004.jpg?v=1519761101,1
The Paybacks #4,"Written by Donny Cates and Eliot Rahal. Art and Cover by Geoff Shaw. The war to end all wars. Veronica versus The Paybacks versus Pierce. And like, for real? Some folks aren't gonna make it. It's time for our heroes to get debt free or die trying in our final forty-page thrilling series conclusion! Thanks for joining us on this wild ride. #PopsicleClub4Life. 36 pages, full color.",Comic,onsale,https://cdn.shopify.com/s/files/1/2358/6005/products/CCF02272018_0006.jpg?v=1519761127,1
,,,,https://cdn.shopify.com/s/files/1/2358/6005/products/TAARNA_04_Cover_B_back.jpg?v=1543516525,2
,,,,https://cdn.shopify.com/s/files/1/2358/6005/products/TAARNA_03_pp_01-03_Page_1_96655371-8d9e-43d8-8aba-f309acc31c91.jpg?v=1536942119,2
,,,,https://cdn.shopify.com/s/files/1/2358/6005/products/TAARNA_03_pp_01-03_Page_2_461564c9-54b1-4e73-bce5-14888a7ab52f.jpg?v=1536942119,3
,,,,https://cdn.shopify.com/s/files/1/2358/6005/products/TAARNA_03_pp_01-03_Page_3_959d9950-d789-49f5-98df-545087a13ae5.jpg?v=1536942119,4
,,,,https://cdn.shopify.com/s/files/1/2358/6005/products/TAARNA_03_pp_01-03_Page_1.jpg?v=1536941977,2
,,,,https://cdn.shopify.com/s/files/1/2358/6005/products/TAARNA_03_pp_01-03_Page_2.jpg?v=1536941982,3
,,,,https://cdn.shopify.com/s/files/1/2358/6005/products/TAARNA_03_pp_01-03_Page_3.jpg?v=1536941984,4
,,,,https://cdn.shopify.com/s/files/1/2358/6005/products/CCF03272018_0001.jpg?v=1522682754,2
,,,,https://cdn.shopify.com/s/files/1/2358/6005/products/CCF03092018_0001.jpg?v=1520622056,2